circuit,partition,allocated_qubits,code,noise_model,pbc_steps,measurement_depth,end_time,total_error,automorphisms,measurements,topology,im_gates,im_hops,factory_period,factory_im_hops
dutta_n4,original,22,two-gross,two-gross_1e-4,31,273,63528,3.4039999999349246e-17,12,10,chain,0,0,2,0
dutta_n4,weighted_degree,22,two-gross,two-gross_1e-4,31,273,63528,3.4039999999349246e-17,12,10,chain,0,0,2,0
dutta_n4,metis,22,two-gross,two-gross_1e-4,31,269,62568,3.399999999935645e-17,12,9,chain,12,12,2,15
dutta_n4,kahypar,22,two-gross,two-gross_1e-4,31,269,62568,3.399999999935645e-17,12,9,chain,12,12,2,15
dutta_n4,clustering,22,two-gross,two-gross_1e-4,31,273,63528,3.4039999999349246e-17,12,10,chain,12,12,2,18
dutta_n5,original,22,two-gross,two-gross_1e-4,43,393,91464,4.7359999999071555e-17,12,10,chain,0,0,2,0
dutta_n5,weighted_degree,22,two-gross,two-gross_1e-4,43,393,91464,4.7359999999071555e-17,12,10,chain,0,0,2,0
dutta_n5,metis,22,two-gross,two-gross_1e-4,43,398,92640,4.740999999906255e-17,12,10,chain,14,14,2,26
dutta_n5,kahypar,22,two-gross,two-gross_1e-4,43,398,92640,4.740999999906255e-17,12,10,chain,14,14,2,26
dutta_n5,clustering,22,two-gross,two-gross_1e-4,43,398,92640,4.740999999906255e-17,12,10,chain,14,14,2,26
dutta_n6,original,22,two-gross,two-gross_1e-4,43,425,98856,4.767999999901394e-17,12,10,chain,0,0,2,0
dutta_n6,weighted_degree,22,two-gross,two-gross_1e-4,43,425,98856,4.767999999901394e-17,12,10,chain,0,0,2,0
dutta_n6,metis,22,two-gross,two-gross_1e-4,43,408,94848,4.750999999904455e-17,12,9,chain,14,14,2,21
dutta_n6,kahypar,22,two-gross,two-gross_1e-4,43,423,98424,4.765999999901754e-17,12,10,chain,14,14,2,26
dutta_n6,clustering,22,two-gross,two-gross_1e-4,43,424,98640,4.766999999901574e-17,12,10,chain,8,8,2,10
dutta_n7,original,22,two-gross,two-gross_1e-4,55,535,124440,6.089999999875425e-17,12,10,chain,0,0,2,0
dutta_n7,weighted_degree,22,two-gross,two-gross_1e-4,55,535,124440,6.089999999875425e-17,12,10,chain,0,0,2,0
dutta_n7,metis,22,two-gross,two-gross_1e-4,55,534,124224,6.088999999875605e-17,12,10,chain,18,18,2,28
dutta_n7,kahypar,22,two-gross,two-gross_1e-4,55,532,123792,6.086999999875966e-17,12,9,chain,18,18,2,32
dutta_n7,clustering,22,two-gross,two-gross_1e-4,55,535,124440,6.089999999875425e-17,12,10,chain,14,14,2,26
dutta_n8,original,22,two-gross,two-gross_1e-4,69,674,156768,7.642999999843208e-17,12,10,chain,0,0,2,0
dutta_n8,weighted_degree,22,two-gross,two-gross_1e-4,69,674,156768,7.642999999843208e-17,12,10,chain,0,0,2,0
dutta_n8,metis,22,two-gross,two-gross_1e-4,69,677,157416,7.645999999842668e-17,10,10,chain,14,14,2,35
dutta_n8,kahypar,22,two-gross,two-gross_1e-4,69,677,157416,7.645999999842668e-17,10,10,chain,14,14,2,35
dutta_n8,clustering,22,two-gross,two-gross_1e-4,69,674,156768,7.642999999843208e-17,12,10,chain,14,14,2,40
dutta_n9,original,22,two-gross,two-gross_1e-4,81,803,186600,8.983999999813819e-17,12,10,chain,8,8,2,2
dutta_n9,weighted_degree,22,two-gross,two-gross_1e-4,81,803,186600,8.983999999813819e-17,12,10,chain,8,8,2,2
dutta_n9,metis,22,two-gross,two-gross_1e-4,81,803,186600,8.983999999813819e-17,12,10,chain,16,16,2,48
dutta_n9,kahypar,22,two-gross,two-gross_1e-4,81,803,186600,8.983999999813819e-17,12,10,chain,16,16,2,48
dutta_n9,clustering,22,two-gross,two-gross_1e-4,81,803,186600,8.983999999813819e-17,12,10,chain,16,16,2,48
dutta_n10,original,22,two-gross,two-gross_1e-4,95,957,222504,1.0551999999778901e-16,12,10,chain,16,16,2,4
dutta_n10,weighted_degree,22,two-gross,two-gross_1e-4,95,957,222504,1.0551999999778901e-16,12,10,chain,8,8,2,10
dutta_n10,metis,22,two-gross,two-gross_1e-4,95,957,222504,1.0551999999778901e-16,12,10,chain,16,16,2,48
dutta_n10,kahypar,22,two-gross,two-gross_1e-4,95,957,222504,1.0551999999778901e-16,12,10,chain,16,16,2,48
dutta_n10,clustering,22,two-gross,two-gross_1e-4,95,957,222504,1.0551999999778901e-16,12,10,chain,16,16,2,48
dutta_n11,original,22,two-gross,two-gross_1e-4,107,1076,250224,1.1882999999751312e-16,12,10,chain,22,22,2,6
dutta_n11,weighted_degree,22,two-gross,two-gross_1e-4,107,1076,250224,1.1882999999751312e-16,12,10,chain,16,16,2,12
dutta_n11,metis,22,two-gross,two-gross_1e-4,107,1068,248400,1.1874999999752752e-16,12,10,chain,20,20,2,50
dutta_n11,kahypar,22,two-gross,two-gross_1e-4,107,1068,248400,1.1874999999752752e-16,12,10,chain,20,20,2,50
dutta_n11,clustering,22,two-gross,two-gross_1e-4,107,1060,246576,1.1866999999754192e-16,20,16,chain,10,10,2,7
dutta_n12,original,22,two-gross,two-gross_1e-4,119,1211,281592,1.3229999999720842e-16,12,10,chain,24,24,2,14
dutta_n12,weighted_degree,22,two-gross,two-gross_1e-4,119,1211,281592,1.3229999999720842e-16,12,10,chain,16,16,2,20
dutta_n12,metis,22,two-gross,two-gross_1e-4,119,1212,281808,1.3230999999720662e-16,12,10,chain,24,24,2,70
dutta_n12,kahypar,22,two-gross,two-gross_1e-4,119,1186,275712,1.3204999999725343e-16,16,15,chain,24,24,2,61
dutta_n12,clustering,22,two-gross,two-gross_1e-4,119,1211,281592,1.3229999999720842e-16,12,10,chain,16,16,2,32
dutta_n13,original,22,two-gross,two-gross_1e-4,133,1332,309744,1.4764999999691865e-16,12,10,chain,32,32,2,16
dutta_n13,weighted_degree,22,two-gross,two-gross_1e-4,133,1325,308136,1.4757999999693126e-16,12,10,chain,20,20,2,22
dutta_n13,metis,22,two-gross,two-gross_1e-4,133,1327,308568,1.4759999999692766e-16,12,10,chain,28,28,2,52
dutta_n13,kahypar,22,two-gross,two-gross_1e-4,133,1327,308568,1.4759999999692766e-16,12,10,chain,28,28,2,52
dutta_n13,clustering,22,two-gross,two-gross_1e-4,133,1331,309528,1.4763999999692045e-16,12,10,chain,16,16,2,40
dutta_n14,original,22,two-gross,two-gross_1e-4,145,1456,338544,1.6100999999663376e-16,12,10,chain,32,32,2,24
dutta_n14,weighted_degree,22,two-gross,two-gross_1e-4,145,1450,337152,1.6094999999664456e-16,12,10,chain,28,28,2,24
dutta_n14,metis,22,two-gross,two-gross_1e-4,145,1456,338544,1.6100999999663376e-16,12,10,chain,24,24,2,64
dutta_n14,kahypar,22,two-gross,two-gross_1e-4,145,1483,344760,1.6127999999658515e-16,20,16,chain,24,24,2,95
dutta_n14,clustering,22,two-gross,two-gross_1e-4,145,1453,337896,1.6097999999663916e-16,12,10,chain,16,16,2,48
dutta_n15,original,22,two-gross,two-gross_1e-4,159,1580,367536,1.763899999963386e-16,12,10,chain,58,58,2,40
dutta_n15,weighted_degree,22,two-gross,two-gross_1e-4,159,1573,365928,1.763199999963512e-16,12,10,chain,36,36,2,26
dutta_n15,metis,22,two-gross,two-gross_1e-4,159,1557,362184,1.7615999999638e-16,12,10,chain,28,28,2,72
dutta_n15,kahypar,22,two-gross,two-gross_1e-4,159,1557,362184,1.7615999999638e-16,12,10,chain,28,28,2,72
dutta_n15,clustering,22,two-gross,two-gross_1e-4,159,1573,365736,1.763199999963512e-16,12,10,chain,30,30,2,91
dutta_n16,original,22,two-gross,two-gross_1e-4,171,1699,395016,1.896999999960627e-16,12,10,chain,56,56,2,46
dutta_n16,weighted_degree,22,two-gross,two-gross_1e-4,171,1691,393192,1.896199999960771e-16,12,10,chain,36,36,2,34
dutta_n16,metis,22,two-gross,two-gross_1e-4,171,1699,395016,1.896999999960627e-16,12,10,chain,24,24,2,86
dutta_n16,kahypar,22,two-gross,two-gross_1e-4,171,1719,399624,1.898999999960267e-16,16,15,chain,24,24,2,101
dutta_n16,clustering,22,two-gross,two-gross_1e-4,171,1695,394152,1.896599999960699e-16,12,10,chain,24,24,2,58
dutta_n17,original,22,two-gross,two-gross_1e-4,185,1841,428136,2.0525999999573513e-16,12,10,chain,64,64,2,48
dutta_n17,weighted_degree,22,two-gross,two-gross_1e-4,185,1833,426312,2.0517999999574953e-16,12,10,chain,44,44,2,36
dutta_n17,metis,22,two-gross,two-gross_1e-4,185,1816,422352,2.0500999999578014e-16,12,10,chain,30,30,2,77
dutta_n17,kahypar,22,two-gross,two-gross_1e-4,185,1841,428136,2.0525999999573513e-16,16,14,chain,32,32,2,109
dutta_n17,clustering,22,two-gross,two-gross_1e-4,185,1838,427488,2.0522999999574053e-16,12,10,chain,32,32,2,60
dutta_n18,original,22,two-gross,two-gross_1e-4,197,1987,461928,2.1883999999541063e-16,12,10,chain,48,48,2,50
dutta_n18,weighted_degree,22,two-gross,two-gross_1e-4,197,1979,460104,2.1875999999542503e-16,12,10,chain,44,44,2,44
dutta_n18,metis,22,two-gross,two-gross_1e-4,197,1986,461616,2.1882999999541243e-16,20,16,chain,32,32,2,147
dutta_n18,kahypar,22,two-gross,two-gross_1e-4,197,1987,461928,2.1883999999541063e-16,12,10,chain,32,32,2,68
dutta_n18,clustering,22,two-gross,two-gross_1e-4,197,1987,461928,2.1883999999541063e-16,12,10,chain,32,32,2,68
dutta_n19,original,22,two-gross,two-gross_1e-4,211,2103,489000,2.3413999999512986e-16,12,10,chain,64,64,2,58
dutta_n19,weighted_degree,22,two-gross,two-gross_1e-4,211,2097,487608,2.3407999999514067e-16,12,10,chain,52,52,2,52
dutta_n19,metis,22,two-gross,two-gross_1e-4,211,2076,482640,2.3386999999517847e-16,12,10,chain,46,46,2,87
dutta_n19,kahypar,22,two-gross,two-gross_1e-4,211,2100,488256,2.3410999999513526e-16,20,16,chain,36,36,2,159
dutta_n19,clustering,22,two-gross,two-gross_1e-4,211,2113,491352,2.3423999999511186e-16,20,16,chain,40,40,2,130
dutta_n20,original,33,two-gross,two-gross_1e-4,223,2243,521640,4.728999999936689e-16,12,11,chain,68,72,2,64
dutta_n20,weighted_degree,33,two-gross,two-gross_1e-4,223,2235,519816,4.728199999936833e-16,12,11,chain,60,68,2,52
dutta_n20,metis,33,two-gross,two-gross_1e-4,223,2212,514368,4.725899999937247e-16,6,11,chain,44,56,2,82
dutta_n20,kahypar,33,two-gross,two-gross_1e-4,223,2222,516624,4.726899999937067e-16,6,11,chain,44,48,2,94
dutta_n20,clustering,33,two-gross,two-gross_1e-4,223,2241,521208,4.728799999936725e-16,12,11,chain,32,48,2,48
dutta_n21,original,33,two-gross,two-gross_1e-4,235,2349,546168,4.981999999933547e-16,12,11,chain,72,72,2,70
dutta_n21,weighted_degree,33,two-gross,two-gross_1e-4,235,2342,544560,4.981299999933673e-16,12,11,chain,52,60,2,64
dutta_n21,metis,33,two-gross,two-gross_1e-4,235,2342,544560,4.981299999933673e-16,12,11,chain,56,80,2,99
dutta_n21,kahypar,33,two-gross,two-gross_1e-4,235,2342,544560,4.981299999933673e-16,12,11,chain,56,80,2,99
dutta_n21,clustering,33,two-gross,two-gross_1e-4,235,2329,541656,4.979999999933907e-16,12,11,chain,44,56,2,99
dutta_n22,original,33,two-gross,two-gross_1e-4,249,2485,577848,5.27839999992966e-16,12,11,chain,80,80,2,82
dutta_n22,weighted_degree,33,two-gross,two-gross_1e-4,249,2465,573240,5.27639999993002e-16,12,11,chain,52,68,2,82
dutta_n22,metis,33,two-gross,two-gross_1e-4,249,2491,579336,5.278999999929552e-16,12,11,chain,48,64,2,99
dutta_n22,kahypar,33,two-gross,two-gross_1e-4,249,2486,578160,5.278499999929642e-16,10,10,chain,44,68,2,50
dutta_n22,clustering,33,two-gross,two-gross_1e-4,249,2482,577200,5.278099999929714e-16,12,11,chain,40,56,2,78
dutta_n23,original,33,two-gross,two-gross_1e-4,261,2609,606648,5.533199999926195e-16,12,11,chain,80,80,2,88
dutta_n23,weighted_degree,33,two-gross,two-gross_1e-4,261,2598,604176,5.532099999926393e-16,12,11,chain,60,76,2,88
dutta_n23,metis,33,two-gross,two-gross_1e-4,261,2610,606960,5.533299999926177e-16,12,11,chain,60,60,2,155
dutta_n23,kahypar,33,two-gross,two-gross_1e-4,261,2588,601632,5.531099999926573e-16,6,11,chain,56,64,2,114
dutta_n23,clustering,33,two-gross,two-gross_1e-4,261,2607,606216,5.532999999926231e-16,12,11,chain,40,64,2,48
dutta_n24,original,33,two-gross,two-gross_1e-4,275,2739,636840,5.828999999922416e-16,12,11,chain,88,88,2,100
dutta_n24,weighted_degree,33,two-gross,two-gross_1e-4,275,2724,633408,5.827499999922686e-16,12,11,chain,72,84,2,106
dutta_n24,metis,33,two-gross,two-gross_1e-4,275,2746,638544,5.82969999992229e-16,12,11,chain,60,60,2,155
dutta_n24,kahypar,33,two-gross,two-gross_1e-4,275,2731,634920,5.82819999992256e-16,6,11,chain,56,64,2,114
dutta_n24,clustering,33,two-gross,two-gross_1e-4,275,2737,636408,5.828799999922452e-16,12,11,chain,40,64,2,48
dutta_n25,original,33,two-gross,two-gross_1e-4,287,2874,668208,6.084899999918753e-16,12,11,chain,88,88,2,106
dutta_n25,weighted_degree,33,two-gross,two-gross_1e-4,287,2866,666384,6.084099999918897e-16,12,11,chain,84,92,2,100
dutta_n25,metis,33,two-gross,two-gross_1e-4,287,2883,670344,6.085799999918591e-16,12,11,chain,56,72,2,113
dutta_n25,kahypar,33,two-gross,two-gross_1e-4,287,2850,662544,6.082499999919185e-16,6,11,chain,56,64,2,114
dutta_n25,clustering,33,two-gross,two-gross_1e-4,287,2826,657072,6.080099999919617e-16,12,11,chain,74,102,2,93
dutta_n26,original,33,two-gross,two-gross_1e-4,301,2999,697224,6.380199999915064e-16,12,11,chain,96,96,2,118
dutta_n26,weighted_degree,33,two-gross,two-gross_1e-4,301,2991,695400,6.379399999915208e-16,12,11,chain,84,92,2,106
dutta_n26,metis,33,two-gross,two-gross_1e-4,301,3004,698304,6.380699999914974e-16,12,11,chain,56,72,2,145
dutta_n26,kahypar,33,two-gross,two-gross_1e-4,301,3001,697656,6.380399999915028e-16,12,11,chain,68,84,2,151
dutta_n26,clustering,33,two-gross,two-gross_1e-4,301,2998,697008,6.380099999915082e-16,12,11,chain,56,80,2,90
dutta_n27,original,33,two-gross,two-gross_1e-4,313,3126,726768,6.635299999911545e-16,12,11,chain,96,96,2,124
dutta_n27,weighted_degree,33,two-gross,two-gross_1e-4,313,3119,725160,6.634599999911671e-16,12,11,chain,84,96,2,118
dutta_n27,metis,33,two-gross,two-gross_1e-4,313,3137,729336,6.636399999911347e-16,12,11,chain,68,88,2,159
dutta_n27,kahypar,33,two-gross,two-gross_1e-4,313,3136,729120,6.636299999911365e-16,10,10,chain,72,72,2,128
dutta_n27,clustering,33,two-gross,two-gross_1e-4,313,3075,714984,6.630199999912463e-16,12,10,chain,78,94,2,117
dutta_n28,original,33,two-gross,two-gross_1e-4,327,3256,756960,6.931099999907766e-16,12,11,chain,104,104,2,136
dutta_n28,weighted_degree,33,two-gross,two-gross_1e-4,327,3249,755352,6.930399999907892e-16,12,11,chain,92,104,2,130
dutta_n28,metis,33,two-gross,two-gross_1e-4,327,3272,760608,6.932699999907478e-16,20,17,chain,68,76,2,116
dutta_n28,kahypar,33,two-gross,two-gross_1e-4,327,3248,755136,6.93029999990791e-16,20,17,chain,68,92,2,171
dutta_n28,clustering,33,two-gross,two-gross_1e-4,327,3207,745608,6.926199999908648e-16,12,11,chain,82,118,2,93
dutta_n29,original,33,two-gross,two-gross_1e-4,339,3348,778368,7.182699999904877e-16,12,11,chain,112,112,2,130
dutta_n29,weighted_degree,33,two-gross,two-gross_1e-4,339,3341,776760,7.181999999905003e-16,12,11,chain,92,104,2,130
dutta_n29,metis,33,two-gross,two-gross_1e-4,339,3348,778368,7.182699999904877e-16,12,11,chain,68,92,2,177
dutta_n29,kahypar,33,two-gross,two-gross_1e-4,339,3377,785016,7.185499999904372e-16,4,5,chain,64,76,2,106
dutta_n29,clustering,33,two-gross,two-gross_1e-4,339,3341,776856,7.181999999905003e-16,12,11,chain,72,80,2,136
dutta_n30,original,33,two-gross,two-gross_1e-4,353,3456,803616,7.476299999901494e-16,12,11,chain,128,128,2,130
dutta_n30,weighted_degree,33,two-gross,two-gross_1e-4,353,3451,802440,7.475799999901584e-16,12,11,chain,108,120,2,130
dutta_n30,metis,33,two-gross,two-gross_1e-4,353,3449,802008,7.47559999990162e-16,12,11,chain,76,100,2,189
dutta_n30,kahypar,33,two-gross,two-gross_1e-4,353,3471,807144,7.477799999901224e-16,12,11,chain,68,92,2,165
dutta_n30,clustering,33,two-gross,two-gross_1e-4,353,3447,801672,7.475399999901656e-16,12,11,chain,84,96,2,130
dutta_n31,original,44,two-gross,two-gross_1e-4,365,3642,846672,1.1423899999878145e-15,12,12,chain,132,136,2,132
dutta_n31,weighted_degree,44,two-gross,two-gross_1e-4,365,3611,839496,1.1420799999878703e-15,12,12,chain,88,120,2,126
dutta_n31,metis,44,two-gross,two-gross_1e-4,365,3649,848472,1.1424599999878019e-15,12,12,chain,92,156,2,148
dutta_n31,kahypar,44,two-gross,two-gross_1e-4,365,3622,842256,1.1421899999878505e-15,12,12,chain,88,132,2,164
dutta_n31,clustering,44,two-gross,two-gross_1e-4,365,3644,847296,1.1424099999878109e-15,12,12,chain,80,88,2,218
dutta_n32,original,44,two-gross,two-gross_1e-4,379,3726,866256,1.1856499999874475e-15,12,12,chain,148,168,2,146
dutta_n32,weighted_degree,44,two-gross,two-gross_1e-4,379,3702,860688,1.1854099999874907e-15,12,12,chain,100,160,2,116
dutta_n32,metis,44,two-gross,two-gross_1e-4,379,3726,866448,1.1856499999874475e-15,12,12,chain,88,112,2,252
dutta_n32,kahypar,44,two-gross,two-gross_1e-4,379,3720,865056,1.1855899999874583e-15,12,12,chain,92,116,2,198
dutta_n32,clustering,44,two-gross,two-gross_1e-4,379,3727,866760,1.1856599999874457e-15,12,12,chain,88,104,2,214
dutta_n33,original,44,two-gross,two-gross_1e-4,391,3850,895152,1.2232499999870393e-15,12,12,chain,164,176,2,148
dutta_n33,weighted_degree,44,two-gross,two-gross_1e-4,391,3843,893496,1.223179999987052e-15,12,12,chain,112,160,2,89
dutta_n33,metis,44,two-gross,two-gross_1e-4,391,3816,887184,1.2229099999871005e-15,6,12,chain,104,128,2,203
dutta_n33,kahypar,44,two-gross,two-gross_1e-4,391,3844,893760,1.2231899999870501e-15,12,12,chain,100,156,2,204
dutta_n33,clustering,44,two-gross,two-gross_1e-4,391,3842,893424,1.2231699999870537e-15,12,12,chain,96,136,2,184
dutta_n34,original,44,two-gross,two-gross_1e-4,405,3989,927624,1.2670599999865733e-15,12,12,chain,168,192,2,162
dutta_n34,weighted_degree,44,two-gross,two-gross_1e-4,405,3984,926400,1.2670099999865823e-15,12,12,chain,120,184,2,91
dutta_n34,metis,44,two-gross,two-gross_1e-4,405,3965,922152,1.2668199999866165e-15,12,12,chain,104,128,2,242
dutta_n34,kahypar,44,two-gross,two-gross_1e-4,405,3993,928584,1.2670999999865661e-15,12,12,chain,96,148,2,176
dutta_n34,clustering,44,two-gross,two-gross_1e-4,405,3964,921744,1.2668099999866183e-15,12,12,chain,104,152,2,132
dutta_n35,original,44,two-gross,two-gross_1e-4,417,4193,974760,1.3054599999860211e-15,12,12,chain,164,184,2,158
dutta_n35,weighted_degree,44,two-gross,two-gross_1e-4,417,4181,972072,1.3053399999860427e-15,12,12,chain,108,172,2,116
dutta_n35,metis,44,two-gross,two-gross_1e-4,417,4188,973584,1.3054099999860301e-15,12,12,chain,84,124,2,164
dutta_n35,kahypar,44,two-gross,two-gross_1e-4,417,4213,979464,1.305659999985985e-15,12,12,chain,80,120,2,212
dutta_n35,clustering,44,two-gross,two-gross_1e-4,417,4190,974112,1.3054299999860265e-15,12,12,chain,92,144,2,282
dutta_n36,original,44,two-gross,two-gross_1e-4,431,4278,994704,1.3487299999856523e-15,12,12,chain,176,208,2,172
dutta_n36,weighted_degree,44,two-gross,two-gross_1e-4,431,4247,987528,1.3484199999857081e-15,12,12,chain,128,224,2,113
dutta_n36,metis,44,two-gross,two-gross_1e-4,431,4269,992664,1.3486399999856685e-15,12,12,chain,84,124,2,164
dutta_n36,kahypar,44,two-gross,two-gross_1e-4,431,4271,993096,1.348659999985665e-15,12,12,chain,84,124,2,164
dutta_n36,clustering,44,two-gross,two-gross_1e-4,431,4277,994488,1.3487199999856541e-15,12,12,chain,80,152,2,290
dutta_n37,original,44,two-gross,two-gross_1e-4,431,4291,997752,1.348859999985629e-15,20,18,chain,188,232,2,174
dutta_n37,weighted_degree,44,two-gross,two-gross_1e-4,431,4225,982296,1.3481999999857477e-15,20,18,chain,132,212,2,115
dutta_n37,metis,44,two-gross,two-gross_1e-4,431,4292,998064,1.3488699999856271e-15,12,12,chain,88,140,2,214
dutta_n37,kahypar,44,two-gross,two-gross_1e-4,431,4256,989424,1.348509999985692e-15,10,12,chain,88,104,2,241
dutta_n37,clustering,44,two-gross,two-gross_1e-4,431,4299,999480,1.3489399999856145e-15,12,12,chain,84,152,2,202
dutta_n38,original,44,two-gross,two-gross_1e-4,443,4399,1022664,1.3862999999852495e-15,12,12,chain,192,232,2,182
dutta_n38,weighted_degree,44,two-gross,two-gross_1e-4,443,4312,1002528,1.3854299999854062e-15,12,12,chain,116,196,2,123
dutta_n38,metis,44,two-gross,two-gross_1e-4,443,4399,1022664,1.3862999999852495e-15,12,12,chain,88,128,2,178
dutta_n38,kahypar,44,two-gross,two-gross_1e-4,443,4399,1022664,1.3862999999852495e-15,12,12,chain,88,128,2,178
dutta_n38,clustering,44,two-gross,two-gross_1e-4,443,4398,1022448,1.3862899999852513e-15,12,12,chain,88,152,2,296
dutta_n39,original,44,two-gross,two-gross_1e-4,457,4535,1054344,1.430079999984789e-15,12,12,chain,200,240,2,184
dutta_n39,weighted_degree,44,two-gross,two-gross_1e-4,457,4461,1037208,1.4293399999849222e-15,12,12,chain,116,208,2,143
dutta_n39,metis,44,two-gross,two-gross_1e-4,457,4517,1050168,1.4298999999848214e-15,12,12,chain,84,128,2,273
dutta_n39,kahypar,44,two-gross,two-gross_1e-4,457,4528,1052736,1.4300099999848015e-15,12,12,chain,92,136,2,192
dutta_n39,clustering,44,two-gross,two-gross_1e-4,457,4534,1054128,1.4300699999847907e-15,12,12,chain,96,176,2,280
dutta_n40,original,44,two-gross,two-gross_1e-4,469,4659,1083144,1.4676799999843808e-15,12,12,chain,200,240,2,192
dutta_n40,weighted_degree,44,two-gross,two-gross_1e-4,469,4572,1063008,1.4668099999845374e-15,12,12,chain,126,232,2,156
dutta_n40,metis,44,two-gross,two-gross_1e-4,469,4615,1072968,1.46723999998446e-15,12,12,chain,88,128,2,201
dutta_n40,kahypar,44,two-gross,two-gross_1e-4,469,4658,1083024,1.4676699999843826e-15,12,12,chain,88,148,2,204
dutta_n40,clustering,44,two-gross,two-gross_1e-4,469,4657,1082712,1.4676599999843844e-15,12,12,chain,92,160,2,242
dutta_n41,original,44,two-gross,two-gross_1e-4,483,4789,1113336,1.511399999983931e-15,12,12,chain,208,248,2,194
dutta_n41,weighted_degree,44,two-gross,two-gross_1e-4,483,4702,1093200,1.5105299999840876e-15,12,12,chain,124,232,2,176
dutta_n41,metis,44,two-gross,two-gross_1e-4,483,4774,1110000,1.511249999983958e-15,18,18,chain,104,160,2,293
dutta_n41,kahypar,44,two-gross,two-gross_1e-4,483,4805,1117080,1.5115599999839022e-15,12,12,chain,92,136,2,236
dutta_n41,clustering,44,two-gross,two-gross_1e-4,483,4789,1113336,1.511399999983931e-15,12,12,chain,104,168,2,272
dutta_n42,original,55,two-gross,two-gross_1e-4,495,4924,1144704,2.0490699999809585e-15,12,13,chain,212,256,2,200
dutta_n42,weighted_degree,55,two-gross,two-gross_1e-4,495,4842,1125648,2.048249999981106e-15,12,13,chain,160,272,2,188
dutta_n42,metis,55,two-gross,two-gross_1e-4,495,4916,1142784,2.048989999980973e-15,12,13,chain,126,212,2,311
dutta_n42,kahypar,55,two-gross,two-gross_1e-4,495,4879,1134312,2.0486199999810395e-15,10,13,chain,120,192,2,234
dutta_n42,clustering,55,two-gross,two-gross_1e-4,495,4890,1136976,2.0487299999810197e-15,12,13,chain,112,248,2,165
dutta_n43,original,55,two-gross,two-gross_1e-4,509,5049,1173720,2.1068799999804457e-15,12,13,chain,220,272,2,200
dutta_n43,weighted_degree,55,two-gross,two-gross_1e-4,509,4966,1154448,2.106049999980595e-15,12,13,chain,156,272,2,194
dutta_n43,metis,55,two-gross,two-gross_1e-4,509,5070,1178832,2.107089999980408e-15,12,13,chain,116,216,2,239
dutta_n43,kahypar,55,two-gross,two-gross_1e-4,509,5048,1173600,2.1068699999804475e-15,12,13,chain,116,196,2,265
dutta_n43,clustering,55,two-gross,two-gross_1e-4,509,5004,1163424,2.1064299999805268e-15,12,13,chain,120,280,2,165
dutta_n44,original,55,two-gross,two-gross_1e-4,521,5177,1203480,2.1566399999799687e-15,12,13,chain,220,272,2,200
dutta_n44,weighted_degree,55,two-gross,two-gross_1e-4,521,5095,1184424,2.1558199999801164e-15,12,13,chain,168,296,2,206
dutta_n44,metis,55,two-gross,two-gross_1e-4,521,5189,1206456,2.156759999979947e-15,12,13,chain,128,248,2,239
dutta_n44,kahypar,55,two-gross,two-gross_1e-4,521,5163,1200264,2.156499999979994e-15,12,13,chain,124,220,2,245
dutta_n44,clustering,55,two-gross,two-gross_1e-4,521,5137,1194360,2.1562399999800407e-15,12,13,chain,120,224,2,203
dutta_n45,original,55,two-gross,two-gross_1e-4,535,5307,1233672,2.214499999979447e-15,12,13,chain,228,288,2,200
dutta_n45,weighted_degree,55,two-gross,two-gross_1e-4,535,5220,1213536,2.2136299999796036e-15,12,13,chain,176,320,2,218
dutta_n45,metis,55,two-gross,two-gross_1e-4,535,5321,1236984,2.214639999979422e-15,12,13,chain,124,176,2,298
dutta_n45,kahypar,55,two-gross,two-gross_1e-4,535,5308,1233984,2.2145099999794452e-15,12,13,chain,124,196,2,265
dutta_n45,clustering,55,two-gross,two-gross_1e-4,535,5263,1223496,2.2140599999795262e-15,12,13,chain,112,224,2,175
dutta_n46,original,55,two-gross,two-gross_1e-4,547,5438,1264080,2.2642899999789646e-15,12,13,chain,228,288,2,200
dutta_n46,weighted_degree,55,two-gross,two-gross_1e-4,547,5348,1243296,2.2633899999791266e-15,12,13,chain,184,336,2,218
dutta_n46,metis,55,two-gross,two-gross_1e-4,547,5432,1262784,2.2642299999789754e-15,20,19,chain,132,248,2,235
dutta_n46,kahypar,55,two-gross,two-gross_1e-4,547,5393,1253496,2.2638399999790456e-15,10,13,chain,128,208,2,298
dutta_n46,clustering,55,two-gross,two-gross_1e-4,547,5427,1261608,2.2641799999789844e-15,12,13,chain,124,224,2,262
dutta_n47,original,55,two-gross,two-gross_1e-4,561,5559,1292328,2.322059999978459e-15,12,13,chain,236,304,2,200
dutta_n47,weighted_degree,55,two-gross,two-gross_1e-4,561,5482,1274544,2.3212899999785977e-15,12,13,chain,192,352,2,230
dutta_n47,metis,55,two-gross,two-gross_1e-4,561,5596,1300800,2.3224299999783925e-15,12,13,chain,132,216,2,254
dutta_n47,kahypar,55,two-gross,two-gross_1e-4,561,5600,1301856,2.3224699999783853e-15,18,19,chain,144,224,2,262
dutta_n47,clustering,55,two-gross,two-gross_1e-4,561,5560,1292544,2.3220699999784573e-15,12,13,chain,160,336,2,252
dutta_n48,original,55,two-gross,two-gross_1e-4,573,5699,1324776,2.3719399999779605e-15,12,13,chain,236,304,2,200
dutta_n48,weighted_degree,55,two-gross,two-gross_1e-4,573,5622,1306896,2.371169999978099e-15,12,13,chain,168,356,2,219
dutta_n48,metis,55,two-gross,two-gross_1e-4,573,5703,1325832,2.3719799999779533e-15,12,13,chain,116,192,2,247
dutta_n48,kahypar,55,two-gross,two-gross_1e-4,573,5715,1328616,2.3720999999779316e-15,10,13,chain,124,224,2,259
dutta_n48,clustering,55,two-gross,two-gross_1e-4,573,5694,1323696,2.3718899999779695e-15,12,13,chain,140,264,2,298
dutta_n49,original,55,two-gross,two-gross_1e-4,587,5805,1349400,2.429559999977482e-15,12,13,chain,252,336,2,206
dutta_n49,weighted_degree,55,two-gross,two-gross_1e-4,587,5739,1334088,2.4288999999776008e-15,12,13,chain,176,372,2,219
dutta_n49,metis,55,two-gross,two-gross_1e-4,587,5834,1356240,2.4298499999774297e-15,12,13,chain,116,192,2,247
dutta_n49,kahypar,55,two-gross,two-gross_1e-4,587,5843,1358280,2.4299399999774135e-15,12,13,chain,124,216,2,289
dutta_n49,clustering,55,two-gross,two-gross_1e-4,587,5822,1353456,2.4297299999774513e-15,12,13,chain,148,256,2,254
dutta_n50,original,55,two-gross,two-gross_1e-4,599,5944,1381824,2.479429999976985e-15,12,13,chain,252,320,2,210
dutta_n50,weighted_degree,55,two-gross,two-gross_1e-4,599,5918,1375824,2.479169999977032e-15,12,13,chain,204,392,2,207
dutta_n50,metis,55,two-gross,two-gross_1e-4,599,5941,1381368,2.4793999999769905e-15,12,13,chain,132,216,2,270
dutta_n50,kahypar,55,two-gross,two-gross_1e-4,599,5942,1381488,2.4794099999769887e-15,12,13,chain,124,208,2,337
dutta_n50,clustering,55,two-gross,two-gross_1e-4,599,5912,1374528,2.4791099999770427e-15,12,13,chain,164,272,2,236
