adder,partition,allocated_qubits,code,noise_model,pbc_steps,measurement_depth,end_time,total_error,automorphisms,measurements,topology,im_gates,im_hops,factory_period,factory_im_hops
sklansky_n4,original,22,two-gross,two-gross_1e-3,56,540,125472,6.19623920909216e-8,6,10,chain,11,11,2,14
sklansky_n4,weighted_degree,22,two-gross,two-gross_1e-3,56,538,125040,6.19423920897654e-8,10,16,chain,2,3,2,4
sklansky_n4,metis,22,two-gross,two-gross_1e-3,56,540,125472,6.19623920909216e-8,6,10,chain,4,5,2,24
sklansky_n4,kahypar,22,two-gross,two-gross_1e-3,56,539,125256,6.19523920907002e-8,6,10,chain,3,5,2,24
sklansky_n4,clustering,22,two-gross,two-gross_1e-3,56,539,125256,6.19523920907002e-8,6,10,chain,3,5,2,24
brent_kung_n4,original,22,two-gross,two-gross_1e-3,56,534,124080,6.19023660894948e-8,6,10,chain,10,11,2,14
brent_kung_n4,weighted_degree,22,two-gross,two-gross_1e-3,56,533,123864,6.1892366089052e-8,12,10,chain,1,1,2,0
brent_kung_n4,metis,22,two-gross,two-gross_1e-3,56,534,124080,6.19023660894948e-8,6,10,chain,3,5,2,24
brent_kung_n4,kahypar,22,two-gross,two-gross_1e-3,56,534,124080,6.19023660894948e-8,6,10,chain,3,5,2,24
brent_kung_n4,clustering,22,two-gross,two-gross_1e-3,56,534,124080,6.19023660894948e-8,6,10,chain,1,1,2,36
ladner_fischer_n4,original,22,two-gross,two-gross_1e-3,56,534,124080,6.19023660894948e-8,6,10,chain,10,11,2,14
ladner_fischer_n4,weighted_degree,22,two-gross,two-gross_1e-3,56,533,123864,6.1892366089052e-8,12,10,chain,1,1,2,0
ladner_fischer_n4,metis,22,two-gross,two-gross_1e-3,56,534,124080,6.19023660894948e-8,6,10,chain,3,5,2,24
ladner_fischer_n4,kahypar,22,two-gross,two-gross_1e-3,56,534,124080,6.19023660894948e-8,6,10,chain,3,5,2,24
ladner_fischer_n4,clustering,22,two-gross,two-gross_1e-3,56,534,124080,6.19023660894948e-8,6,10,chain,1,1,2,36
kogge_stone_n4,original,22,two-gross,two-gross_1e-3,69,653,151752,7.6222899109224e-8,6,10,chain,17,18,2,16
kogge_stone_n4,weighted_degree,22,two-gross,two-gross_1e-3,69,659,153240,7.62829511105278e-8,12,10,chain,4,4,2,0
kogge_stone_n4,metis,22,two-gross,two-gross_1e-3,69,649,150792,7.618287310824e-8,6,10,chain,6,6,2,37
kogge_stone_n4,kahypar,22,two-gross,two-gross_1e-3,69,649,150792,7.618287310824e-8,6,10,chain,6,6,2,37
kogge_stone_n4,clustering,22,two-gross,two-gross_1e-3,69,654,151968,7.62328991094454e-8,6,10,chain,6,8,2,15
han_carlson_n4,original,22,two-gross,two-gross_1e-3,56,534,124080,6.19023660894948e-8,6,10,chain,10,11,2,14
han_carlson_n4,weighted_degree,22,two-gross,two-gross_1e-3,56,533,123864,6.1892366089052e-8,12,10,chain,1,1,2,0
han_carlson_n4,metis,22,two-gross,two-gross_1e-3,56,534,124080,6.19023660894948e-8,6,10,chain,3,5,2,24
han_carlson_n4,kahypar,22,two-gross,two-gross_1e-3,56,534,124080,6.19023660894948e-8,6,10,chain,3,5,2,24
han_carlson_n4,clustering,22,two-gross,two-gross_1e-3,56,534,124080,6.19023660894948e-8,6,10,chain,1,1,2,36
sklansky_n8,original,44,two-gross,two-gross_1e-3,152,1473,342360,4.753165527462164e-7,6,12,chain,61,73,2,58
sklansky_n8,weighted_degree,44,two-gross,two-gross_1e-3,152,1472,342144,4.753065527455522e-7,6,12,chain,22,44,2,42
sklansky_n8,metis,44,two-gross,two-gross_1e-3,152,1477,343320,4.753565787468068e-7,10,18,chain,19,34,2,50
sklansky_n8,kahypar,44,two-gross,two-gross_1e-3,152,1458,338928,4.751665007333014e-7,10,18,chain,18,32,2,58
sklansky_n8,clustering,44,two-gross,two-gross_1e-3,152,1482,344496,4.754066047535472e-7,12,12,chain,18,30,2,50
brent_kung_n8,original,33,two-gross,two-gross_1e-3,141,1343,312120,2.982659674513362e-7,12,10,chain,48,56,2,57
brent_kung_n8,weighted_degree,33,two-gross,two-gross_1e-3,141,1336,310416,2.981959154482858e-7,6,11,chain,11,16,2,31
brent_kung_n8,metis,33,two-gross,two-gross_1e-3,141,1333,309864,2.981659414467114e-7,12,10,chain,13,24,2,43
brent_kung_n8,kahypar,33,two-gross,two-gross_1e-3,141,1335,310200,2.98185915447843e-7,6,11,chain,11,12,2,25
brent_kung_n8,clustering,33,two-gross,two-gross_1e-3,141,1342,311904,2.982559674508934e-7,12,10,chain,19,36,2,24
ladner_fischer_n8,original,33,two-gross,two-gross_1e-3,141,1350,313728,2.983359934550754e-7,6,11,chain,49,56,2,57
ladner_fischer_n8,weighted_degree,33,two-gross,two-gross_1e-3,141,1352,314160,2.98355993455961e-7,6,11,chain,13,18,2,31
ladner_fischer_n8,metis,33,two-gross,two-gross_1e-3,141,1351,313944,2.983459934555182e-7,6,11,chain,14,18,2,40
ladner_fischer_n8,kahypar,33,two-gross,two-gross_1e-3,141,1338,310944,2.982159414479414e-7,10,17,chain,11,16,2,29
ladner_fischer_n8,clustering,33,two-gross,two-gross_1e-3,141,1348,313296,2.983159934541898e-7,6,11,chain,19,36,2,24
kogge_stone_n8,original,44,two-gross,two-gross_1e-3,213,2004,465840,6.654589320048608e-7,6,12,chain,84,102,2,81
kogge_stone_n8,weighted_degree,44,two-gross,two-gross_1e-3,213,1982,460704,6.652388279886248e-7,12,12,chain,38,74,2,40
kogge_stone_n8,metis,44,two-gross,two-gross_1e-3,213,1955,454488,6.649687239695106e-7,12,12,chain,36,46,2,73
kogge_stone_n8,kahypar,44,two-gross,two-gross_1e-3,213,1976,459216,6.651787759840492e-7,12,12,chain,35,63,2,67
kogge_stone_n8,clustering,44,two-gross,two-gross_1e-3,213,2008,466704,6.654989320075176e-7,6,12,chain,36,54,2,63
han_carlson_n8,original,33,two-gross,two-gross_1e-3,152,1444,335616,3.214964224853334e-7,6,11,chain,49,57,2,61
han_carlson_n8,weighted_degree,33,two-gross,two-gross_1e-3,152,1433,333048,3.21386370480069e-7,6,11,chain,17,28,2,27
han_carlson_n8,metis,33,two-gross,two-gross_1e-3,152,1437,333912,3.214263704818402e-7,6,11,chain,14,19,2,32
han_carlson_n8,kahypar,33,two-gross,two-gross_1e-3,152,1438,334320,3.214364224826766e-7,6,11,chain,16,27,2,59
han_carlson_n8,clustering,33,two-gross,two-gross_1e-3,152,1445,335832,3.215064224857762e-7,6,11,chain,21,36,2,33
sklansky_n16,original,88,two-gross,two-gross_1e-3,388,3787,880296,2.781106878489057e-6,6,16,chain,211,492,2,157
sklansky_n16,weighted_degree,88,two-gross,two-gross_1e-3,388,3825,889368,2.7814871125541487e-6,6,16,chain,95,452,2,85
sklansky_n16,metis,88,two-gross,two-gross_1e-3,388,3792,881472,2.781156904497495e-6,6,16,chain,77,187,2,121
sklansky_n16,kahypar,88,two-gross,two-gross_1e-3,388,3795,882312,2.781186956503522e-6,6,16,chain,56,166,2,103
sklansky_n16,clustering,88,two-gross,two-gross_1e-3,388,3828,889824,2.7815170605574205e-6,6,16,chain,135,268,2,144
brent_kung_n16,original,66,two-gross,two-gross_1e-3,322,3063,711912,1.656783626569716e-6,12,14,chain,147,272,2,133
brent_kung_n16,weighted_degree,66,two-gross,two-gross_1e-3,322,3069,713400,1.656843678578449e-6,6,14,chain,42,151,2,111
brent_kung_n16,metis,66,two-gross,two-gross_1e-3,322,3052,709344,1.65667357455717e-6,12,13,chain,37,59,2,99
brent_kung_n16,kahypar,66,two-gross,two-gross_1e-3,322,3040,706560,1.6565535225374654e-6,10,20,chain,38,91,2,99
brent_kung_n16,clustering,66,two-gross,two-gross_1e-3,322,3067,712968,1.6568236785727172e-6,12,14,chain,61,103,2,119
ladner_fischer_n16,original,66,two-gross,two-gross_1e-3,333,3188,740976,1.71358418568017e-6,6,14,chain,161,292,2,136
ladner_fischer_n16,weighted_degree,66,two-gross,two-gross_1e-3,333,3216,747696,1.71386436771461e-6,6,14,chain,57,212,2,116
ladner_fischer_n16,metis,66,two-gross,two-gross_1e-3,333,3189,741192,1.713594185681277e-6,6,14,chain,42,69,2,117
ladner_fischer_n16,kahypar,66,two-gross,two-gross_1e-3,333,3183,739800,1.7135341596712894e-6,10,20,chain,36,80,2,93
ladner_fischer_n16,clustering,66,two-gross,two-gross_1e-3,333,3198,743328,1.713684237692224e-6,6,14,chain,61,92,2,105
kogge_stone_n16,original,88,two-gross,two-gross_1e-3,589,5518,1282848,4.219494641448103e-6,6,16,chain,309,608,2,236
kogge_stone_n16,weighted_degree,88,two-gross,two-gross_1e-3,589,5523,1283928,4.219544641456516e-6,12,16,chain,141,511,2,185
kogge_stone_n16,metis,88,two-gross,two-gross_1e-3,589,5472,1271568,4.219034277367169e-6,6,16,chain,120,309,2,207
kogge_stone_n16,kahypar,88,two-gross,two-gross_1e-3,589,5482,1273824,4.219134303383356e-6,6,16,chain,118,288,2,143
kogge_stone_n16,clustering,88,two-gross,two-gross_1e-3,589,5453,1267848,4.218844381341142e-6,12,16,chain,201,709,2,186
han_carlson_n16,original,66,two-gross,two-gross_1e-3,388,3667,852456,1.99612635706885e-6,6,14,chain,171,304,2,167
han_carlson_n16,weighted_degree,66,two-gross,two-gross_1e-3,388,3677,854808,1.996226409080904e-6,6,14,chain,77,231,2,104
han_carlson_n16,metis,66,two-gross,two-gross_1e-3,388,3661,850776,1.996066253062602e-6,6,14,chain,57,116,2,148
han_carlson_n16,kahypar,66,two-gross,two-gross_1e-3,388,3651,848520,1.9959662270510397e-6,6,14,chain,55,118,2,163
han_carlson_n16,clustering,66,two-gross,two-gross_1e-3,388,3659,850536,1.9960463050557138e-6,10,20,chain,76,196,2,140
sklansky_n32,original,198,two-gross,two-gross_1e-3,948,9324,2167440,0.00001637060158793309,6,26,chain,582,2830,2,279
sklansky_n32,weighted_degree,198,two-gross,two-gross_1e-3,948,9347,2173080,0.000016370821770052004,4,20,chain,298,3046,2,306
sklansky_n32,metis,198,two-gross,two-gross_1e-3,948,9381,2180808,0.000016371171874193503,12,26,chain,208,854,2,323
sklansky_n32,kahypar,198,two-gross,two-gross_1e-3,948,9379,2180616,0.000016371151939145337,10,32,chain,190,627,2,300
sklansky_n32,clustering,198,two-gross,two-gross_1e-3,948,9528,2216592,0.000016372642966779524,10,32,chain,452,2469,2,255
brent_kung_n32,original,132,two-gross,two-gross_1e-3,695,6605,1535208,7.787629405186914e-6,12,20,chain,320,1136,2,201
brent_kung_n32,weighted_degree,132,two-gross,two-gross_1e-3,695,6622,1539648,7.787799613238255e-6,6,20,chain,102,670,2,234
brent_kung_n32,metis,132,two-gross,two-gross_1e-3,695,6572,1527792,7.787299327095623e-6,6,20,chain,175,484,2,220
brent_kung_n32,kahypar,132,two-gross,two-gross_1e-3,695,6524,1516368,7.78681904096239e-6,10,26,chain,82,240,2,250
brent_kung_n32,clustering,132,two-gross,two-gross_1e-3,695,6652,1546512,7.78809971731198e-6,12,19,chain,199,544,2,231
ladner_fischer_n32,original,154,two-gross,two-gross_1e-3,761,7309,1698888,0.000010065172554989877,6,22,chain,384,1406,2,229
ladner_fischer_n32,weighted_degree,154,two-gross,two-gross_1e-3,761,7324,1702896,0.00001006532276304503,6,22,chain,171,1409,2,248
ladner_fischer_n32,metis,154,two-gross,two-gross_1e-3,761,7347,1708008,0.000010065552802107022,6,22,chain,251,865,2,255
ladner_fischer_n32,kahypar,154,two-gross,two-gross_1e-3,761,7312,1699632,0.00001006520258099738,6,22,chain,108,269,2,242
ladner_fischer_n32,clustering,154,two-gross,two-gross_1e-3,761,7487,1741608,0.000010066953712547214,10,28,chain,293,1036,2,304
kogge_stone_n32,original,198,two-gross,two-gross_1e-3,1517,14162,3292800,0.000026188733363135516,6,26,chain,843,3214,2,480
kogge_stone_n32,weighted_degree,198,two-gross,two-gross_1e-3,1517,14136,3286032,0.000026188473051028776,12,26,chain,376,2584,2,485
kogge_stone_n32,metis,198,two-gross,two-gross_1e-3,1517,13982,3249888,0.000026186932270388217,6,26,chain,370,1986,2,573
kogge_stone_n32,kahypar,198,two-gross,two-gross_1e-3,1517,13947,3241656,0.000026186582088257074,12,26,chain,356,1802,2,542
kogge_stone_n32,clustering,198,two-gross,two-gross_1e-3,1517,14220,3306672,0.000026189313727377233,6,26,chain,741,3787,2,387
han_carlson_n32,original,154,two-gross,two-gross_1e-3,948,8921,2074104,0.000012536609877373853,6,22,chain,484,1473,2,295
han_carlson_n32,weighted_degree,154,two-gross,two-gross_1e-3,948,8945,2079480,0.000012536849929448342,6,22,chain,216,1279,2,308
han_carlson_n32,metis,154,two-gross,two-gross_1e-3,948,8812,2048736,0.000012535519383038481,12,22,chain,350,1874,2,287
han_carlson_n32,kahypar,154,two-gross,two-gross_1e-3,948,8849,2056440,0.00001253588930513848,6,22,chain,172,530,2,356
han_carlson_n32,clustering,154,two-gross,two-gross_1e-3,948,9092,2115168,0.00001253832099591953,10,28,chain,358,1644,2,344
